{"cameraMode":{"drawMode":0,"name":"Shaded","section":"Shading Mode"},"sceneLighting":true,"audioPlay":false,"sceneViewState":{"m_AlwaysRefresh":false,"showFog":true,"showSkybox":false,"showFlares":true,"showImageEffects":true,"showParticleSystems":true,"showVisualEffectGraphs":true,"m_FxEnabled":true},"in2DMode":false,"pivot":{"x":5.189770221710205,"y":3.2268688678741457,"z":-0.03379988670349121},"rotation":{"x":0.01927942968904972,"y":0.5152918696403503,"z":-0.011596014723181725,"w":0.8567200303077698},"size":2.4248712062835695,"orthographic":false}