{"cameraMode":{"drawMode":0,"name":"Shaded","section":"Shading Mode"},"sceneLighting":false,"audioPlay":false,"sceneViewState":{"m_AlwaysRefresh":false,"showFog":true,"showSkybox":false,"showFlares":true,"showImageEffects":true,"showParticleSystems":true,"showVisualEffectGraphs":true,"m_FxEnabled":true},"in2DMode":false,"pivot":{"x":-0.020511150360107423,"y":0.9663568139076233,"z":0.04426175355911255},"rotation":{"x":-0.10136669129133225,"y":0.7810186743736267,"z":-0.13150335848331452,"w":-0.6020318865776062},"size":1.7384586334228516,"orthographic":false}