{"cameraMode":{"drawMode":0,"name":"Shaded","section":"Shading Mode"},"sceneLighting":false,"audioPlay":false,"sceneViewState":{"m_AlwaysRefresh":false,"showFog":true,"showSkybox":false,"showFlares":true,"showImageEffects":true,"showParticleSystems":true,"showVisualEffectGraphs":true,"m_FxEnabled":true},"in2DMode":false,"pivot":{"x":0.028166651725769044,"y":-0.18695688247680665,"z":0.16795814037322999},"rotation":{"x":-0.12175498157739639,"y":0.8705821633338928,"z":-0.2695978879928589,"w":-0.39317062497138979},"size":1.5516128540039063,"orthographic":false}