{"cameraMode":{"drawMode":0,"name":"Shaded","section":"Shading Mode"},"sceneLighting":false,"audioPlay":false,"sceneViewState":{"m_AlwaysRefresh":false,"showFog":true,"showSkybox":false,"showFlares":true,"showImageEffects":true,"showParticleSystems":true,"showVisualEffectGraphs":true,"m_FxEnabled":true},"in2DMode":false,"pivot":{"x":-0.09177607297897339,"y":0.8353036642074585,"z":-1.6762237548828126},"rotation":{"x":0.003247874556109309,"y":-0.9827950596809387,"z":0.1837262213230133,"w":0.017409542575478555},"size":2.3489115238189699,"orthographic":false}