{"cameraMode":{"drawMode":0,"name":"Shaded","section":"Shading Mode"},"sceneLighting":false,"audioPlay":false,"sceneViewState":{"m_AlwaysRefresh":false,"showFog":true,"showSkybox":false,"showFlares":true,"showImageEffects":true,"showParticleSystems":true,"showVisualEffectGraphs":true,"m_FxEnabled":true},"in2DMode":false,"pivot":{"x":0.22367939352989198,"y":1.2512280941009522,"z":0.6950385570526123},"rotation":{"x":-0.06396426260471344,"y":0.8734034299850464,"z":-0.11943040788173676,"w":-0.4677768349647522},"size":2.3489115238189699,"orthographic":false}