{"cameraMode":{"drawMode":0,"name":"Shaded","section":"Shading Mode"},"sceneLighting":false,"audioPlay":false,"sceneViewState":{"m_AlwaysRefresh":false,"showFog":true,"showSkybox":false,"showFlares":true,"showImageEffects":true,"showParticleSystems":true,"showVisualEffectGraphs":true,"m_FxEnabled":true},"in2DMode":false,"pivot":{"x":5.7564897537231449,"y":5.3992509841918949,"z":0.6481690406799316},"rotation":{"x":0.21825508773326875,"y":0.7505347728729248,"z":-0.5472241640090942,"w":0.2993358373641968},"size":4.9190239906311039,"orthographic":false}