{"cameraMode":{"drawMode":0,"name":"Shaded","section":"Shading Mode"},"sceneLighting":false,"audioPlay":false,"sceneViewState":{"m_AlwaysRefresh":false,"showFog":true,"showSkybox":false,"showFlares":true,"showImageEffects":true,"showParticleSystems":true,"showVisualEffectGraphs":true,"m_FxEnabled":true},"in2DMode":false,"pivot":{"x":-0.800652801990509,"y":-0.43365636467933657,"z":-1.1103386878967286},"rotation":{"x":0.05664648860692978,"y":-0.1061263158917427,"z":0.00605573458597064,"w":0.9927201867103577},"size":1.9061219692230225,"orthographic":false}