{"cameraMode":{"drawMode":0,"name":"Shaded","section":"Shading Mode"},"sceneLighting":false,"audioPlay":false,"sceneViewState":{"m_AlwaysRefresh":false,"showFog":true,"showSkybox":false,"showFlares":true,"showImageEffects":true,"showParticleSystems":true,"showVisualEffectGraphs":true,"m_FxEnabled":true},"in2DMode":false,"pivot":{"x":0.07210254669189453,"y":1.239635944366455,"z":0.8583893775939941},"rotation":{"x":-0.016670482233166696,"y":-0.9512906670570374,"z":0.05227641761302948,"w":-0.3033652603626251},"size":1.5869624614715577,"orthographic":false}