{"cameraMode":{"drawMode":0,"name":"Shaded","section":"Shading Mode"},"sceneLighting":false,"audioPlay":false,"sceneViewState":{"m_AlwaysRefresh":false,"showFog":false,"showSkybox":false,"showFlares":false,"showImageEffects":false,"showParticleSystems":false,"showVisualEffectGraphs":true,"m_FxEnabled":true},"in2DMode":false,"pivot":{"x":5.960464477539063e-8,"y":0.5304920673370361,"z":-0.019331589341163636},"rotation":{"x":0.015530787408351899,"y":0.9838054776191711,"z":0.14326032996177674,"w":-0.10668596625328064},"size":0.7338147163391113,"orthographic":false}