{"cameraMode":{"drawMode":0,"name":"Shaded","section":"Shading Mode"},"sceneLighting":false,"audioPlay":false,"sceneViewState":{"m_AlwaysRefresh":false,"showFog":true,"showSkybox":false,"showFlares":true,"showImageEffects":true,"showParticleSystems":true,"showVisualEffectGraphs":true,"m_FxEnabled":true},"in2DMode":false,"pivot":{"x":-0.01303824782371521,"y":0.9584855437278748,"z":-0.08987060189247132},"rotation":{"x":-0.17242930829524995,"y":-0.3052307665348053,"z":0.05629916489124298,"w":-0.9348419904708862},"size":1.340973138809204,"orthographic":false}