{"cameraMode":{"drawMode":0,"name":"Shaded","section":"Shading Mode"},"sceneLighting":false,"audioPlay":false,"sceneViewState":{"m_AlwaysRefresh":false,"showFog":true,"showSkybox":false,"showFlares":true,"showImageEffects":true,"showParticleSystems":true,"showVisualEffectGraphs":true,"m_FxEnabled":true},"in2DMode":false,"pivot":{"x":-1.0497746467590333,"y":0.4487958550453186,"z":-0.1878461092710495},"rotation":{"x":0.02618764527142048,"y":-0.7537667155265808,"z":0.030086757615208627,"w":0.6559368371963501},"size":1.1738154888153077,"orthographic":false}