{"cameraMode":{"drawMode":0,"name":"Shaded","section":"Shading Mode"},"sceneLighting":false,"audioPlay":false,"sceneViewState":{"m_AlwaysRefresh":false,"showFog":true,"showSkybox":false,"showFlares":true,"showImageEffects":true,"showParticleSystems":true,"showVisualEffectGraphs":true,"m_FxEnabled":true},"in2DMode":false,"pivot":{"x":-0.00029212236404418945,"y":1.1647682189941407,"z":0.07290545105934143},"rotation":{"x":-0.09254643321037293,"y":0.1596909612417221,"z":-0.01503975410014391,"w":-0.982711911201477},"size":1.7251214981079102,"orthographic":false}