{"cameraMode":{"drawMode":0,"name":"Shaded","section":"Shading Mode"},"sceneLighting":false,"audioPlay":false,"sceneViewState":{"m_AlwaysRefresh":false,"showFog":true,"showSkybox":false,"showFlares":true,"showImageEffects":true,"showParticleSystems":true,"showVisualEffectGraphs":true,"m_FxEnabled":true},"in2DMode":false,"pivot":{"x":5.650000095367432,"y":2.075000047683716,"z":-0.07850001007318497},"rotation":{"x":-0.4390122592449188,"y":-0.0008139275014400482,"z":0.00039922402356751263,"w":-0.8984799385070801},"size":3.680232286453247,"orthographic":false}